ANRUNYU,2024-06-27 21:53:16 +0800,Create report.pptx
ANRUNYU,2024-06-27 21:53:11 +0800,Create report.docx
ANRUNYU,2024-06-27 21:53:06 +0800,Create plan.docx
WangTianQiY,2024-06-27 20:35:38 +0800,Update index.html
WangTianQiY,2024-06-27 20:35:35 +0800,Create book.js
WangTianQiY,2024-06-27 20:35:32 +0800,Delete index.js
WangTianQiY,2024-06-27 20:35:25 +0800,Update script.js
WangTianQiY,2024-06-27 20:35:22 +0800,Create img.png
WangTianQiY,2024-06-27 20:35:19 +0800,Update style.css
WangTianQiY,2024-06-27 20:35:10 +0800,Create book.css
WangTianQiY,2024-06-27 20:35:06 +0800,Delete index.css
WangTianQiY,2024-06-27 20:35:04 +0800,Update book.html
jcsyyyy,2024-06-27 20:16:30 +0800,Create style.css
jcsyyyy,2024-06-27 20:16:27 +0800,Update book.html
jcsyyyy,2024-06-27 20:16:23 +0800,Create workspace.xml
jcsyyyy,2024-06-27 20:16:10 +0800,Create script.js
ZhuaMaHeiTuDou,2024-06-27 20:10:29 +0800,Create modules.xml
ZhuaMaHeiTuDou,2024-06-27 20:10:27 +0800,Create vcs.xml
ZhuaMaHeiTuDou,2024-06-27 20:10:25 +0800,Update index.html
ZhuaMaHeiTuDou,2024-06-27 20:10:23 +0800,Create book.html
ZhuaMaHeiTuDou,2024-06-27 20:10:18 +0800,Update index.js
jcsyyyy,2024-06-27 19:50:41 +0800,Create index.js
jcsyyyy,2024-06-27 19:50:38 +0800,Create index.css
jcsyyyy,2024-06-27 19:50:34 +0800,Update index.html
WangTianQiY,2024-06-27 19:41:10 +0800,Create index.html
WangTianQiY,2024-06-27 19:37:49 +0800,Merge branch 'main' of https://github.com/Bistu-OSSDT-2024/13-The-Books-Of-Answers
WangTianQiY,2024-06-27 19:37:21 +0800,Delete index.html
jcsyyyy,2024-06-27 19:35:22 +0800,Delete index.html
WangTianQiY,2024-06-27 19:13:43 +0800,Merge branch 'main' of https://github.com/Bistu-OSSDT-2024/13-The-Books-Of-Answers
WangTianQiY,2024-06-27 19:12:54 +0800,Create index.html
ANRUNYU,2024-06-27 18:30:51 +0800,Create README.md
ANRUNYU,2024-06-26 14:01:13 +0800,Update The book of answers.md
ANRUNYU,2024-06-26 13:58:18 +0800,Update The book of answers.md
ANRUNYU,2024-06-26 10:10:49 +0800,Rename README.md to The book of answers.md
BigIdeaHardWork,2024-06-16 09:21:59 +0800,Initial commit
